{"cameraMode":{"drawMode":0,"name":"Shaded","section":"Shading Mode"},"sceneLighting":false,"audioPlay":false,"sceneViewState":{"m_AlwaysRefresh":false,"showFog":true,"showSkybox":false,"showFlares":true,"showImageEffects":true,"showParticleSystems":true,"showVisualEffectGraphs":true,"m_FxEnabled":true},"in2DMode":false,"pivot":{"x":1.1270508766174317,"y":0.26249027252197268,"z":-0.7726230621337891},"rotation":{"x":0.03409384936094284,"y":0.9638282060623169,"z":-0.21634985506534577,"w":0.15188615024089814},"size":2.085615634918213,"orthographic":false}