{"cameraMode":{"drawMode":0,"name":"Shaded","section":"Shading Mode"},"sceneLighting":false,"audioPlay":false,"sceneViewState":{"m_AlwaysRefresh":false,"showFog":true,"showSkybox":false,"showFlares":true,"showImageEffects":true,"showParticleSystems":true,"showVisualEffectGraphs":true,"m_FxEnabled":true},"in2DMode":false,"pivot":{"x":-27.464292526245118,"y":11.765351295471192,"z":-52.109222412109378},"rotation":{"x":0.47689202427864077,"y":0.07104957848787308,"z":-0.038713932037353519,"w":0.8752360939979553},"size":0.8660253882408142,"orthographic":false}