{"cameraMode":{"drawMode":0,"name":"Shaded","section":"Shading Mode"},"sceneLighting":true,"audioPlay":false,"sceneViewState":{"m_AlwaysRefresh":false,"showFog":true,"showSkybox":true,"showFlares":true,"showImageEffects":true,"showParticleSystems":true,"showVisualEffectGraphs":true,"m_FxEnabled":true},"in2DMode":false,"pivot":{"x":-0.16701701283454896,"y":1.210662841796875,"z":-1.876072883605957},"rotation":{"x":-0.0010078208288177848,"y":0.9802877306938171,"z":-0.19751425087451936,"w":-0.005001292563974857},"size":17.92402458190918,"orthographic":false}