{"cameraMode":{"drawMode":0,"name":"Shaded","section":"Shading Mode"},"sceneLighting":false,"audioPlay":false,"sceneViewState":{"m_AlwaysRefresh":false,"showFog":true,"showSkybox":false,"showFlares":true,"showImageEffects":true,"showParticleSystems":true,"showVisualEffectGraphs":true,"m_FxEnabled":true},"in2DMode":false,"pivot":{"x":-0.20087933540344239,"y":0.621841549873352,"z":0.09117388725280762},"rotation":{"x":0.15593555569648744,"y":-0.3945104479789734,"z":0.06812679767608643,"w":0.9029984474182129},"size":2.4860823154449465,"orthographic":false}