{"cameraMode":{"drawMode":0,"name":"Shaded","section":"Shading Mode"},"sceneLighting":false,"audioPlay":false,"sceneViewState":{"m_AlwaysRefresh":false,"showFog":true,"showSkybox":false,"showFlares":true,"showImageEffects":true,"showParticleSystems":true,"showVisualEffectGraphs":true,"m_FxEnabled":true},"in2DMode":false,"pivot":{"x":0.6620060205459595,"y":2.5184497833251955,"z":1.1380434036254883},"rotation":{"x":0.35568195581436159,"y":-0.16692134737968446,"z":0.06472335755825043,"w":0.9173070192337036},"size":4.073882102966309,"orthographic":false}